CountryName,CategoryName,CategoryTotal
Afghanistan,Childlabour(%)+2005–2012*_total,10
Afghanistan,Childlabour(%)+2005–2012*_male,11
Afghanistan,Childlabour(%)+2005–2012*_female,10
Afghanistan,Childmarriage(%)2005–2012*_marriedby15,15
Afghanistan,Childmarriage(%)2005–2012*_marriedby18,40
Afghanistan,Birthregistration(%)+2005–2012*_total,37
Afghanistan,Justificationofwifebeating(%)2005–2012*_female,90
Afghanistan,Violentdiscipline(%)+2005–2012*_total,74
Afghanistan,Violentdiscipline(%)+2005–2012*_male,75
Afghanistan,Violentdiscipline(%)+2005–2012*_female,74
Albania,Childlabour(%)+2005–2012*_total,12
Albania,Childlabour(%)+2005–2012*_male,14
Albania,Childlabour(%)+2005–2012*_female,9
Albania,Childmarriage(%)2005–2012*_marriedby18,10
Albania,Birthregistration(%)+2005–2012*_total,99
Albania,Justificationofwifebeating(%)2005–2012*_male,36
Albania,Justificationofwifebeating(%)2005–2012*_female,30
Albania,Violentdiscipline(%)+2005–2012*_total,75
Albania,Violentdiscipline(%)+2005–2012*_male,78
Albania,Violentdiscipline(%)+2005–2012*_female,71
Algeria,Childlabour(%)+2005–2012*_total,5
Algeria,Childlabour(%)+2005–2012*_male,6
Algeria,Childlabour(%)+2005–2012*_female,4
Algeria,Childmarriage(%)2005–2012*_marriedby18,2
Algeria,Birthregistration(%)+2005–2012*_total,99
Algeria,Justificationofwifebeating(%)2005–2012*_female,68
Algeria,Violentdiscipline(%)+2005–2012*_total,88
Algeria,Violentdiscipline(%)+2005–2012*_male,89
Algeria,Violentdiscipline(%)+2005–2012*_female,87
Andorra,Birthregistration(%)+2005–2012*_total,100
Angola,Childlabour(%)+2005–2012*_total,24
Angola,Childlabour(%)+2005–2012*_male,22
Angola,Childlabour(%)+2005–2012*_female,25
Angola,Birthregistration(%)+2005–2012*_total,36
Argentina,Childlabour(%)+2005–2012*_total,7
Argentina,Childlabour(%)+2005–2012*_male,8
Argentina,Childlabour(%)+2005–2012*_female,5
Argentina,Birthregistration(%)+2005–2012*_total,99
Armenia,Childlabour(%)+2005–2012*_total,4
Armenia,Childlabour(%)+2005–2012*_male,5
Armenia,Childlabour(%)+2005–2012*_female,3
Armenia,Childmarriage(%)2005–2012*_marriedby18,7
Armenia,Birthregistration(%)+2005–2012*_total,100
Armenia,Justificationofwifebeating(%)2005–2012*_male,20
Armenia,Justificationofwifebeating(%)2005–2012*_female,9
Armenia,Violentdiscipline(%)+2005–2012*_total,70
Armenia,Violentdiscipline(%)+2005–2012*_male,72
Armenia,Violentdiscipline(%)+2005–2012*_female,67
Australia,Birthregistration(%)+2005–2012*_total,100
Austria,Birthregistration(%)+2005–2012*_total,100
Azerbaijan,Childlabour(%)+2005–2012*_total,7
Azerbaijan,Childlabour(%)+2005–2012*_male,8
Azerbaijan,Childlabour(%)+2005–2012*_female,5
Azerbaijan,Childmarriage(%)2005–2012*_marriedby15,1
Azerbaijan,Childmarriage(%)2005–2012*_marriedby18,12
Azerbaijan,Birthregistration(%)+2005–2012*_total,94
Azerbaijan,Justificationofwifebeating(%)2005–2012*_male,58
Azerbaijan,Justificationofwifebeating(%)2005–2012*_female,49
Azerbaijan,Violentdiscipline(%)+2005–2012*_total,75
Azerbaijan,Violentdiscipline(%)+2005–2012*_male,79
Azerbaijan,Violentdiscipline(%)+2005–2012*_female,71
Bahrain,Childlabour(%)+2005–2012*_total,5
Bahrain,Childlabour(%)+2005–2012*_male,6
Bahrain,Childlabour(%)+2005–2012*_female,3
Bangladesh,Childlabour(%)+2005–2012*_total,13
Bangladesh,Childlabour(%)+2005–2012*_male,18
Bangladesh,Childlabour(%)+2005–2012*_female,8
Bangladesh,Childmarriage(%)2005–2012*_marriedby15,29
Bangladesh,Childmarriage(%)2005–2012*_marriedby18,65
Bangladesh,Birthregistration(%)+2005–2012*_total,31
Bangladesh,Justificationofwifebeating(%)2005–2012*_female,33
Belarus,Childlabour(%)+2005–2012*_total,1
Belarus,Childlabour(%)+2005–2012*_male,1
Belarus,Childlabour(%)+2005–2012*_female,2
Belarus,Childmarriage(%)2005–2012*_marriedby18,3
Belarus,Birthregistration(%)+2005–2012*_total,100
Belarus,Justificationofwifebeating(%)2005–2012*_male,4
Belarus,Justificationofwifebeating(%)2005–2012*_female,4
Belarus,Violentdiscipline(%)+2005–2012*_total,65
Belarus,Violentdiscipline(%)+2005–2012*_male,67
Belarus,Violentdiscipline(%)+2005–2012*_female,62
Belgium,Birthregistration(%)+2005–2012*_total,100
Belize,Childlabour(%)+2005–2012*_total,6
Belize,Childlabour(%)+2005–2012*_male,7
Belize,Childlabour(%)+2005–2012*_female,5
Belize,Childmarriage(%)2005–2012*_marriedby15,3
Belize,Childmarriage(%)2005–2012*_marriedby18,26
Belize,Birthregistration(%)+2005–2012*_total,95
Belize,Justificationofwifebeating(%)2005–2012*_female,9
Belize,Violentdiscipline(%)+2005–2012*_total,71
Belize,Violentdiscipline(%)+2005–2012*_male,71
Belize,Violentdiscipline(%)+2005–2012*_female,70
Benin,Childlabour(%)+2005–2012*_total,46
Benin,Childlabour(%)+2005–2012*_male,47
Benin,Childlabour(%)+2005–2012*_female,45
Benin,Childmarriage(%)2005–2012*_marriedby15,8
Benin,Childmarriage(%)2005–2012*_marriedby18,34
Benin,Birthregistration(%)+2005–2012*_total,80
Benin,Femalegenitalmutilation/cutting(%)+2002–2012*_prevalence_womena,13
Benin,Femalegenitalmutilation/cutting(%)+2002–2012*_prevalence_girlsb,2
Benin,Femalegenitalmutilation/cutting(%)+2002–2012*_attitudes_supportforthepracticec,1
Benin,Justificationofwifebeating(%)2005–2012*_male,14
Benin,Justificationofwifebeating(%)2005–2012*_female,47
Bhutan,Childlabour(%)+2005–2012*_total,3
Bhutan,Childlabour(%)+2005–2012*_male,3
Bhutan,Childlabour(%)+2005–2012*_female,3
Bhutan,Childmarriage(%)2005–2012*_marriedby15,6
Bhutan,Childmarriage(%)2005–2012*_marriedby18,26
Bhutan,Birthregistration(%)+2005–2012*_total,100
Bhutan,Justificationofwifebeating(%)2005–2012*_female,68
Bolivia(PlurinationalStateof),Childlabour(%)+2005–2012*_total,26
Bolivia(PlurinationalStateof),Childlabour(%)+2005–2012*_male,28
Bolivia(PlurinationalStateof),Childlabour(%)+2005–2012*_female,24
Bolivia(PlurinationalStateof),Childmarriage(%)2005–2012*_marriedby15,3
Bolivia(PlurinationalStateof),Childmarriage(%)2005–2012*_marriedby18,22
Bolivia(PlurinationalStateof),Birthregistration(%)+2005–2012*_total,76
Bolivia(PlurinationalStateof),Justificationofwifebeating(%)2005–2012*_female,16
BosniaandHerzegovina,Childlabour(%)+2005–2012*_total,5
BosniaandHerzegovina,Childlabour(%)+2005–2012*_male,7
BosniaandHerzegovina,Childlabour(%)+2005–2012*_female,4
BosniaandHerzegovina,Childmarriage(%)2005–2012*_marriedby18,4
BosniaandHerzegovina,Birthregistration(%)+2005–2012*_total,100
BosniaandHerzegovina,Justificationofwifebeating(%)2005–2012*_male,6
BosniaandHerzegovina,Justificationofwifebeating(%)2005–2012*_female,5
BosniaandHerzegovina,Violentdiscipline(%)+2005–2012*_total,55
BosniaandHerzegovina,Violentdiscipline(%)+2005–2012*_male,60
BosniaandHerzegovina,Violentdiscipline(%)+2005–2012*_female,50
Botswana,Childlabour(%)+2005–2012*_total,9
Botswana,Childlabour(%)+2005–2012*_male,11
Botswana,Childlabour(%)+2005–2012*_female,7
Botswana,Birthregistration(%)+2005–2012*_total,72
Brazil,Childlabour(%)+2005–2012*_total,9
Brazil,Childlabour(%)+2005–2012*_male,11
Brazil,Childlabour(%)+2005–2012*_female,6
Brazil,Childmarriage(%)2005–2012*_marriedby15,11
Brazil,Childmarriage(%)2005–2012*_marriedby18,36
Brazil,Birthregistration(%)+2005–2012*_total,93
Bulgaria,Birthregistration(%)+2005–2012*_total,100
BurkinaFaso,Childlabour(%)+2005–2012*_total,39
BurkinaFaso,Childlabour(%)+2005–2012*_male,42
BurkinaFaso,Childlabour(%)+2005–2012*_female,36
BurkinaFaso,Childmarriage(%)2005–2012*_marriedby15,10
BurkinaFaso,Childmarriage(%)2005–2012*_marriedby18,52
BurkinaFaso,Birthregistration(%)+2005–2012*_total,77
BurkinaFaso,Femalegenitalmutilation/cutting(%)+2002–2012*_prevalence_womena,76
BurkinaFaso,Femalegenitalmutilation/cutting(%)+2002–2012*_prevalence_girlsb,13
BurkinaFaso,Femalegenitalmutilation/cutting(%)+2002–2012*_attitudes_supportforthepracticec,9
BurkinaFaso,Justificationofwifebeating(%)2005–2012*_male,34
BurkinaFaso,Justificationofwifebeating(%)2005–2012*_female,44
BurkinaFaso,Violentdiscipline(%)+2005–2012*_total,83
BurkinaFaso,Violentdiscipline(%)+2005–2012*_male,84
BurkinaFaso,Violentdiscipline(%)+2005–2012*_female,82
Burundi,Childlabour(%)+2005–2012*_total,26
Burundi,Childlabour(%)+2005–2012*_male,26
Burundi,Childlabour(%)+2005–2012*_female,27
Burundi,Childmarriage(%)2005–2012*_marriedby15,3
Burundi,Childmarriage(%)2005–2012*_marriedby18,20
Burundi,Birthregistration(%)+2005–2012*_total,75
Burundi,Justificationofwifebeating(%)2005–2012*_male,44
Burundi,Justificationofwifebeating(%)2005–2012*_female,73
CaboVerde,Childlabour(%)+2005–2012*_total,3
CaboVerde,Childlabour(%)+2005–2012*_male,4
CaboVerde,Childlabour(%)+2005–2012*_female,3
CaboVerde,Childmarriage(%)2005–2012*_marriedby15,3
CaboVerde,Childmarriage(%)2005–2012*_marriedby18,18
CaboVerde,Birthregistration(%)+2005–2012*_total,91
CaboVerde,Justificationofwifebeating(%)2005–2012*_male,16
CaboVerde,Justificationofwifebeating(%)2005–2012*_female,17
Cambodia,Childlabour(%)+2005–2012*_total,36
Cambodia,Childlabour(%)+2005–2012*_male,36
Cambodia,Childlabour(%)+2005–2012*_female,36
Cambodia,Childmarriage(%)2005–2012*_marriedby15,2
Cambodia,Childmarriage(%)2005–2012*_marriedby18,18
Cambodia,Birthregistration(%)+2005–2012*_total,62
Cambodia,Justificationofwifebeating(%)2005–2012*_male,22
Cambodia,Justificationofwifebeating(%)2005–2012*_female,46
Cameroon,Childlabour(%)+2005–2012*_total,42
Cameroon,Childlabour(%)+2005–2012*_male,43
Cameroon,Childlabour(%)+2005–2012*_female,40
Cameroon,Childmarriage(%)2005–2012*_marriedby15,13
Cameroon,Childmarriage(%)2005–2012*_marriedby18,38
Cameroon,Birthregistration(%)+2005–2012*_total,61
Cameroon,Femalegenitalmutilation/cutting(%)+2002–2012*_prevalence_womena,1
Cameroon,Femalegenitalmutilation/cutting(%)+2002–2012*_prevalence_girlsb,1
Cameroon,Femalegenitalmutilation/cutting(%)+2002–2012*_attitudes_supportforthepracticec,7
Cameroon,Justificationofwifebeating(%)2005–2012*_male,39
Cameroon,Justificationofwifebeating(%)2005–2012*_female,47
Cameroon,Violentdiscipline(%)+2005–2012*_total,93
Cameroon,Violentdiscipline(%)+2005–2012*_male,93
Cameroon,Violentdiscipline(%)+2005–2012*_female,93
Canada,Birthregistration(%)+2005–2012*_total,100
CentralAfricanRepublic,Childlabour(%)+2005–2012*_total,29
CentralAfricanRepublic,Childlabour(%)+2005–2012*_male,27
CentralAfricanRepublic,Childlabour(%)+2005–2012*_female,30
CentralAfricanRepublic,Childmarriage(%)2005–2012*_marriedby15,29
CentralAfricanRepublic,Childmarriage(%)2005–2012*_marriedby18,68
CentralAfricanRepublic,Birthregistration(%)+2005–2012*_total,61
CentralAfricanRepublic,Femalegenitalmutilation/cutting(%)+2002–2012*_prevalence_womena,24
CentralAfricanRepublic,Femalegenitalmutilation/cutting(%)+2002–2012*_prevalence_girlsb,1
CentralAfricanRepublic,Femalegenitalmutilation/cutting(%)+2002–2012*_attitudes_supportforthepracticec,11
CentralAfricanRepublic,Justificationofwifebeating(%)2005–2012*_male,80
CentralAfricanRepublic,Justificationofwifebeating(%)2005–2012*_female,80
CentralAfricanRepublic,Violentdiscipline(%)+2005–2012*_total,92
CentralAfricanRepublic,Violentdiscipline(%)+2005–2012*_male,92
CentralAfricanRepublic,Violentdiscipline(%)+2005–2012*_female,92
Chad,Childlabour(%)+2005–2012*_total,26
Chad,Childlabour(%)+2005–2012*_male,25
Chad,Childlabour(%)+2005–2012*_female,28
Chad,Childmarriage(%)2005–2012*_marriedby15,29
Chad,Childmarriage(%)2005–2012*_marriedby18,68
Chad,Birthregistration(%)+2005–2012*_total,16
Chad,Femalegenitalmutilation/cutting(%)+2002–2012*_prevalence_womena,44
Chad,Femalegenitalmutilation/cutting(%)+2002–2012*_prevalence_girlsb,18
Chad,Femalegenitalmutilation/cutting(%)+2002–2012*_attitudes_supportforthepracticec,38
Chad,Justificationofwifebeating(%)2005–2012*_female,62
Chad,Violentdiscipline(%)+2005–2012*_total,84
Chad,Violentdiscipline(%)+2005–2012*_male,85
Chad,Violentdiscipline(%)+2005–2012*_female,84
Chile,Childlabour(%)+2005–2012*_total,3
Chile,Childlabour(%)+2005–2012*_male,3
Chile,Childlabour(%)+2005–2012*_female,2
Chile,Birthregistration(%)+2005–2012*_total,100
Colombia,Childlabour(%)+2005–2012*_total,13
Colombia,Childlabour(%)+2005–2012*_male,17
Colombia,Childlabour(%)+2005–2012*_female,9
Colombia,Childmarriage(%)2005–2012*_marriedby15,6
Colombia,Childmarriage(%)2005–2012*_marriedby18,23
Colombia,Birthregistration(%)+2005–2012*_total,97
Comoros,Childlabour(%)+2005–2012*_total,27
Comoros,Childlabour(%)+2005–2012*_male,26
Comoros,Childlabour(%)+2005–2012*_female,28
Comoros,Birthregistration(%)+2005–2012*_total,88
Congo,Childlabour(%)+2005–2012*_total,25
Congo,Childlabour(%)+2005–2012*_male,24
Congo,Childlabour(%)+2005–2012*_female,25
Congo,Childmarriage(%)2005–2012*_marriedby15,7
Congo,Childmarriage(%)2005–2012*_marriedby18,33
Congo,Birthregistration(%)+2005–2012*_total,91
Congo,Justificationofwifebeating(%)2005–2012*_female,76
CostaRica,Childlabour(%)+2005–2012*_total,5
CostaRica,Childlabour(%)+2005–2012*_male,6
CostaRica,Childlabour(%)+2005–2012*_female,3
Côted’Ivoire,Childlabour(%)+2005–2012*_total,26
Côted’Ivoire,Childlabour(%)+2005–2012*_male,25
Côted’Ivoire,Childlabour(%)+2005–2012*_female,28
Côted’Ivoire,Childmarriage(%)2005–2012*_marriedby15,10
Côted’Ivoire,Childmarriage(%)2005–2012*_marriedby18,33
Côted’Ivoire,Birthregistration(%)+2005–2012*_total,65
Côted’Ivoire,Femalegenitalmutilation/cutting(%)+2002–2012*_prevalence_womena,38
Côted’Ivoire,Femalegenitalmutilation/cutting(%)+2002–2012*_prevalence_girlsb,10
Côted’Ivoire,Femalegenitalmutilation/cutting(%)+2002–2012*_attitudes_supportforthepracticec,14
Côted’Ivoire,Justificationofwifebeating(%)2005–2012*_male,42
Côted’Ivoire,Justificationofwifebeating(%)2005–2012*_female,48
Côted’Ivoire,Violentdiscipline(%)+2005–2012*_total,91
Côted’Ivoire,Violentdiscipline(%)+2005–2012*_male,91
Côted’Ivoire,Violentdiscipline(%)+2005–2012*_female,91
Cuba,Childmarriage(%)2005–2012*_marriedby15,9
Cuba,Childmarriage(%)2005–2012*_marriedby18,40
Cuba,Birthregistration(%)+2005–2012*_total,100
Cyprus,Birthregistration(%)+2005–2012*_total,100
CzechRepublic,Birthregistration(%)+2005–2012*_total,100
DemocraticPeople’sRepublicofKorea,Birthregistration(%)+2005–2012*_total,100
DemocraticRepublicoftheCongo,Childlabour(%)+2005–2012*_total,15
DemocraticRepublicoftheCongo,Childlabour(%)+2005–2012*_male,13
DemocraticRepublicoftheCongo,Childlabour(%)+2005–2012*_female,17
DemocraticRepublicoftheCongo,Childmarriage(%)2005–2012*_marriedby15,9
DemocraticRepublicoftheCongo,Childmarriage(%)2005–2012*_marriedby18,39
DemocraticRepublicoftheCongo,Birthregistration(%)+2005–2012*_total,28
DemocraticRepublicoftheCongo,Justificationofwifebeating(%)2005–2012*_female,76
DemocraticRepublicoftheCongo,Violentdiscipline(%)+2005–2012*_total,92
DemocraticRepublicoftheCongo,Violentdiscipline(%)+2005–2012*_male,92
DemocraticRepublicoftheCongo,Violentdiscipline(%)+2005–2012*_female,91
Denmark,Birthregistration(%)+2005–2012*_total,100
Djibouti,Childlabour(%)+2005–2012*_total,8
Djibouti,Childlabour(%)+2005–2012*_male,8
Djibouti,Childlabour(%)+2005–2012*_female,8
Djibouti,Childmarriage(%)2005–2012*_marriedby15,2
Djibouti,Childmarriage(%)2005–2012*_marriedby18,5
Djibouti,Birthregistration(%)+2005–2012*_total,92
Djibouti,Femalegenitalmutilation/cutting(%)+2002–2012*_prevalence_womena,93
Djibouti,Femalegenitalmutilation/cutting(%)+2002–2012*_prevalence_girlsb,49
Djibouti,Femalegenitalmutilation/cutting(%)+2002–2012*_attitudes_supportforthepracticec,37
Djibouti,Violentdiscipline(%)+2005–2012*_total,72
Djibouti,Violentdiscipline(%)+2005–2012*_male,73
Djibouti,Violentdiscipline(%)+2005–2012*_female,71
DominicanRepublic,Childlabour(%)+2005–2012*_total,13
DominicanRepublic,Childlabour(%)+2005–2012*_male,18
DominicanRepublic,Childlabour(%)+2005–2012*_female,8
DominicanRepublic,Childmarriage(%)2005–2012*_marriedby15,12
DominicanRepublic,Childmarriage(%)2005–2012*_marriedby18,41
DominicanRepublic,Birthregistration(%)+2005–2012*_total,82
DominicanRepublic,Justificationofwifebeating(%)2005–2012*_female,4
DominicanRepublic,Violentdiscipline(%)+2005–2012*_total,67
DominicanRepublic,Violentdiscipline(%)+2005–2012*_male,69
DominicanRepublic,Violentdiscipline(%)+2005–2012*_female,65
Ecuador,Childlabour(%)+2005–2012*_total,8
Ecuador,Childlabour(%)+2005–2012*_male,7
Ecuador,Childlabour(%)+2005–2012*_female,8
Ecuador,Childmarriage(%)2005–2012*_marriedby15,4
Ecuador,Childmarriage(%)2005–2012*_marriedby18,22
Ecuador,Birthregistration(%)+2005–2012*_total,90
Egypt,Childlabour(%)+2005–2012*_total,9
Egypt,Childlabour(%)+2005–2012*_male,14
Egypt,Childlabour(%)+2005–2012*_female,4
Egypt,Childmarriage(%)2005–2012*_marriedby15,2
Egypt,Childmarriage(%)2005–2012*_marriedby18,17
Egypt,Birthregistration(%)+2005–2012*_total,99
Egypt,Femalegenitalmutilation/cutting(%)+2002–2012*_prevalence_womena,91
Egypt,Femalegenitalmutilation/cutting(%)+2002–2012*_prevalence_girlsb,17
Egypt,Femalegenitalmutilation/cutting(%)+2002–2012*_attitudes_supportforthepracticec,54
Egypt,Justificationofwifebeating(%)2005–2012*_female,39
Egypt,Violentdiscipline(%)+2005–2012*_total,91
Egypt,Violentdiscipline(%)+2005–2012*_male,92
Egypt,Violentdiscipline(%)+2005–2012*_female,90
ElSalvador,Childlabour(%)+2005–2012*_total,10
ElSalvador,Childmarriage(%)2005–2012*_marriedby15,5
ElSalvador,Childmarriage(%)2005–2012*_marriedby18,25
ElSalvador,Birthregistration(%)+2005–2012*_total,99
EquatorialGuinea,Childlabour(%)+2005–2012*_total,28
EquatorialGuinea,Childlabour(%)+2005–2012*_male,28
EquatorialGuinea,Childlabour(%)+2005–2012*_female,28
EquatorialGuinea,Birthregistration(%)+2005–2012*_total,37
Eritrea,Childmarriage(%)2005–2012*_marriedby15,20
Eritrea,Childmarriage(%)2005–2012*_marriedby18,47
Eritrea,Femalegenitalmutilation/cutting(%)+2002–2012*_prevalence_womena,89
Eritrea,Femalegenitalmutilation/cutting(%)+2002–2012*_prevalence_girlsb,63
Eritrea,Femalegenitalmutilation/cutting(%)+2002–2012*_attitudes_supportforthepracticec,49
Eritrea,Justificationofwifebeating(%)2005–2012*_female,71
Estonia,Birthregistration(%)+2005–2012*_total,100
Ethiopia,Childlabour(%)+2005–2012*_total,27
Ethiopia,Childlabour(%)+2005–2012*_male,31
Ethiopia,Childlabour(%)+2005–2012*_female,24
Ethiopia,Childmarriage(%)2005–2012*_marriedby15,16
Ethiopia,Childmarriage(%)2005–2012*_marriedby18,41
Ethiopia,Birthregistration(%)+2005–2012*_total,7
Ethiopia,Femalegenitalmutilation/cutting(%)+2002–2012*_prevalence_womena,74
Ethiopia,Femalegenitalmutilation/cutting(%)+2002–2012*_prevalence_girlsb,24
Ethiopia,Femalegenitalmutilation/cutting(%)+2002–2012*_attitudes_supportforthepracticec,31
Ethiopia,Justificationofwifebeating(%)2005–2012*_male,45
Ethiopia,Justificationofwifebeating(%)2005–2012*_female,68
Fiji,Violentdiscipline(%)+2005–2012*_total,72
Finland,Birthregistration(%)+2005–2012*_total,100
France,Birthregistration(%)+2005–2012*_total,100
Gabon,Childlabour(%)+2005–2012*_total,13
Gabon,Childlabour(%)+2005–2012*_male,15
Gabon,Childlabour(%)+2005–2012*_female,12
Gabon,Childmarriage(%)2005–2012*_marriedby15,6
Gabon,Childmarriage(%)2005–2012*_marriedby18,22
Gabon,Birthregistration(%)+2005–2012*_total,90
Gabon,Justificationofwifebeating(%)2005–2012*_male,40
Gabon,Justificationofwifebeating(%)2005–2012*_female,50
Gambia,Childlabour(%)+2005–2012*_total,19
Gambia,Childlabour(%)+2005–2012*_male,21
Gambia,Childlabour(%)+2005–2012*_female,18
Gambia,Childmarriage(%)2005–2012*_marriedby15,7
Gambia,Childmarriage(%)2005–2012*_marriedby18,36
Gambia,Birthregistration(%)+2005–2012*_total,53
Gambia,Femalegenitalmutilation/cutting(%)+2002–2012*_prevalence_womena,76
Gambia,Femalegenitalmutilation/cutting(%)+2002–2012*_prevalence_girlsb,56
Gambia,Femalegenitalmutilation/cutting(%)+2002–2012*_attitudes_supportforthepracticec,64
Gambia,Justificationofwifebeating(%)2005–2012*_female,75
Gambia,Violentdiscipline(%)+2005–2012*_total,90
Gambia,Violentdiscipline(%)+2005–2012*_male,90
Gambia,Violentdiscipline(%)+2005–2012*_female,91
Georgia,Childlabour(%)+2005–2012*_total,18
Georgia,Childlabour(%)+2005–2012*_male,20
Georgia,Childlabour(%)+2005–2012*_female,17
Georgia,Childmarriage(%)2005–2012*_marriedby15,1
Georgia,Childmarriage(%)2005–2012*_marriedby18,14
Georgia,Birthregistration(%)+2005–2012*_total,99
Georgia,Justificationofwifebeating(%)2005–2012*_female,7
Georgia,Violentdiscipline(%)+2005–2012*_total,67
Georgia,Violentdiscipline(%)+2005–2012*_male,70
Georgia,Violentdiscipline(%)+2005–2012*_female,63
Germany,Birthregistration(%)+2005–2012*_total,100
Ghana,Childlabour(%)+2005–2012*_total,34
Ghana,Childlabour(%)+2005–2012*_male,34
Ghana,Childlabour(%)+2005–2012*_female,34
Ghana,Childmarriage(%)2005–2012*_marriedby15,5
Ghana,Childmarriage(%)2005–2012*_marriedby18,21
Ghana,Birthregistration(%)+2005–2012*_total,63
Ghana,Femalegenitalmutilation/cutting(%)+2002–2012*_prevalence_womena,4
Ghana,Femalegenitalmutilation/cutting(%)+2002–2012*_prevalence_girlsb,1
Ghana,Femalegenitalmutilation/cutting(%)+2002–2012*_attitudes_supportforthepracticec,2
Ghana,Justificationofwifebeating(%)2005–2012*_male,26
Ghana,Justificationofwifebeating(%)2005–2012*_female,44
Ghana,Violentdiscipline(%)+2005–2012*_total,94
Ghana,Violentdiscipline(%)+2005–2012*_male,94
Ghana,Violentdiscipline(%)+2005–2012*_female,94
Greece,Birthregistration(%)+2005–2012*_total,100
Guatemala,Childlabour(%)+2005–2012*_total,26
Guatemala,Childlabour(%)+2005–2012*_male,35
Guatemala,Childlabour(%)+2005–2012*_female,16
Guatemala,Childmarriage(%)2005–2012*_marriedby15,7
Guatemala,Childmarriage(%)2005–2012*_marriedby18,30
Guatemala,Birthregistration(%)+2005–2012*_total,97
Guinea,Childlabour(%)+2005–2012*_total,40
Guinea,Childlabour(%)+2005–2012*_male,40
Guinea,Childlabour(%)+2005–2012*_female,40
Guinea,Childmarriage(%)2005–2012*_marriedby15,20
Guinea,Childmarriage(%)2005–2012*_marriedby18,63
Guinea,Birthregistration(%)+2005–2012*_total,43
Guinea,Femalegenitalmutilation/cutting(%)+2002–2012*_prevalence_womena,96
Guinea,Femalegenitalmutilation/cutting(%)+2002–2012*_prevalence_girlsb,57
Guinea,Femalegenitalmutilation/cutting(%)+2002–2012*_attitudes_supportforthepracticec,69
Guinea,Justificationofwifebeating(%)2005–2012*_female,86
Guinea-Bissau,Childlabour(%)+2005–2012*_total,38
Guinea-Bissau,Childlabour(%)+2005–2012*_male,40
Guinea-Bissau,Childlabour(%)+2005–2012*_female,36
Guinea-Bissau,Childmarriage(%)2005–2012*_marriedby15,7
Guinea-Bissau,Childmarriage(%)2005–2012*_marriedby18,22
Guinea-Bissau,Birthregistration(%)+2005–2012*_total,24
Guinea-Bissau,Femalegenitalmutilation/cutting(%)+2002–2012*_prevalence_womena,50
Guinea-Bissau,Femalegenitalmutilation/cutting(%)+2002–2012*_prevalence_girlsb,39
Guinea-Bissau,Femalegenitalmutilation/cutting(%)+2002–2012*_attitudes_supportforthepracticec,34
Guinea-Bissau,Justificationofwifebeating(%)2005–2012*_female,40
Guinea-Bissau,Violentdiscipline(%)+2005–2012*_total,82
Guinea-Bissau,Violentdiscipline(%)+2005–2012*_male,82
Guinea-Bissau,Violentdiscipline(%)+2005–2012*_female,81
Guyana,Childlabour(%)+2005–2012*_total,16
Guyana,Childlabour(%)+2005–2012*_male,17
Guyana,Childlabour(%)+2005–2012*_female,16
Guyana,Childmarriage(%)2005–2012*_marriedby15,6
Guyana,Childmarriage(%)2005–2012*_marriedby18,23
Guyana,Birthregistration(%)+2005–2012*_total,88
Guyana,Justificationofwifebeating(%)2005–2012*_male,19
Guyana,Justificationofwifebeating(%)2005–2012*_female,16
Guyana,Violentdiscipline(%)+2005–2012*_total,76
Guyana,Violentdiscipline(%)+2005–2012*_male,79
Guyana,Violentdiscipline(%)+2005–2012*_female,74
Haiti,Childlabour(%)+2005–2012*_total,24
Haiti,Childlabour(%)+2005–2012*_male,25
Haiti,Childlabour(%)+2005–2012*_female,24
Haiti,Childmarriage(%)2005–2012*_marriedby15,3
Haiti,Childmarriage(%)2005–2012*_marriedby18,18
Haiti,Birthregistration(%)+2005–2012*_total,80
Haiti,Justificationofwifebeating(%)2005–2012*_male,15
Haiti,Justificationofwifebeating(%)2005–2012*_female,17
Haiti,Violentdiscipline(%)+2005–2012*_total,86
Haiti,Violentdiscipline(%)+2005–2012*_male,87
Haiti,Violentdiscipline(%)+2005–2012*_female,85
Honduras,Childlabour(%)+2005–2012*_total,16
Honduras,Childlabour(%)+2005–2012*_male,16
Honduras,Childlabour(%)+2005–2012*_female,15
Honduras,Childmarriage(%)2005–2012*_marriedby15,8
Honduras,Childmarriage(%)2005–2012*_marriedby18,34
Honduras,Birthregistration(%)+2005–2012*_total,94
Honduras,Justificationofwifebeating(%)2005–2012*_male,10
Honduras,Justificationofwifebeating(%)2005–2012*_female,12
Hungary,Birthregistration(%)+2005–2012*_total,100
Iceland,Birthregistration(%)+2005–2012*_total,100
India,Childlabour(%)+2005–2012*_total,12
India,Childlabour(%)+2005–2012*_male,12
India,Childlabour(%)+2005–2012*_female,12
India,Childmarriage(%)2005–2012*_marriedby15,18
India,Childmarriage(%)2005–2012*_marriedby18,47
India,Birthregistration(%)+2005–2012*_total,41
India,Justificationofwifebeating(%)2005–2012*_male,51
India,Justificationofwifebeating(%)2005–2012*_female,54
Indonesia,Childlabour(%)+2005–2012*_total,7
Indonesia,Childlabour(%)+2005–2012*_male,8
Indonesia,Childlabour(%)+2005–2012*_female,6
Indonesia,Childmarriage(%)2005–2012*_marriedby15,3
Indonesia,Childmarriage(%)2005–2012*_marriedby18,17
Indonesia,Birthregistration(%)+2005–2012*_total,67
Indonesia,Justificationofwifebeating(%)2005–2012*_male,17
Indonesia,Justificationofwifebeating(%)2005–2012*_female,35
Iran(IslamicRepublicof),Childlabour(%)+2005–2012*_total,11
Iran(IslamicRepublicof),Childlabour(%)+2005–2012*_male,13
Iran(IslamicRepublicof),Childlabour(%)+2005–2012*_female,10
Iran(IslamicRepublicof),Childmarriage(%)2005–2012*_marriedby15,3
Iran(IslamicRepublicof),Childmarriage(%)2005–2012*_marriedby18,17
Iran(IslamicRepublicof),Birthregistration(%)+2005–2012*_total,99
Iraq,Childlabour(%)+2005–2012*_total,5
Iraq,Childlabour(%)+2005–2012*_male,5
Iraq,Childlabour(%)+2005–2012*_female,4
Iraq,Childmarriage(%)2005–2012*_marriedby15,5
Iraq,Childmarriage(%)2005–2012*_marriedby18,24
Iraq,Birthregistration(%)+2005–2012*_total,99
Iraq,Femalegenitalmutilation/cutting(%)+2002–2012*_prevalence_womena,8
Iraq,Femalegenitalmutilation/cutting(%)+2002–2012*_prevalence_girlsb,3
Iraq,Femalegenitalmutilation/cutting(%)+2002–2012*_attitudes_supportforthepracticec,5
Iraq,Justificationofwifebeating(%)2005–2012*_female,51
Iraq,Violentdiscipline(%)+2005–2012*_total,79
Iraq,Violentdiscipline(%)+2005–2012*_male,81
Iraq,Violentdiscipline(%)+2005–2012*_female,77
Ireland,Birthregistration(%)+2005–2012*_total,100
Israel,Birthregistration(%)+2005–2012*_total,100
Italy,Birthregistration(%)+2005–2012*_total,100
Jamaica,Childlabour(%)+2005–2012*_total,6
Jamaica,Childlabour(%)+2005–2012*_male,7
Jamaica,Childlabour(%)+2005–2012*_female,5
Jamaica,Childmarriage(%)2005–2012*_marriedby15,1
Jamaica,Childmarriage(%)2005–2012*_marriedby18,9
Jamaica,Birthregistration(%)+2005–2012*_total,98
Jamaica,Justificationofwifebeating(%)2005–2012*_male,22
Jamaica,Justificationofwifebeating(%)2005–2012*_female,3
Jamaica,Violentdiscipline(%)+2005–2012*_total,89
Jamaica,Violentdiscipline(%)+2005–2012*_male,90
Jamaica,Violentdiscipline(%)+2005–2012*_female,87
Japan,Birthregistration(%)+2005–2012*_total,100
Jordan,Childlabour(%)+2005–2012*_total,2
Jordan,Childlabour(%)+2005–2012*_male,3
Jordan,Childlabour(%)+2005–2012*_female,0
Jordan,Childmarriage(%)2005–2012*_marriedby15,1
Jordan,Childmarriage(%)2005–2012*_marriedby18,10
Jordan,Birthregistration(%)+2005–2012*_total,99
Jordan,Justificationofwifebeating(%)2005–2012*_female,90
Kazakhstan,Childlabour(%)+2005–2012*_total,2
Kazakhstan,Childlabour(%)+2005–2012*_male,2
Kazakhstan,Childlabour(%)+2005–2012*_female,2
Kazakhstan,Childmarriage(%)2005–2012*_marriedby18,6
Kazakhstan,Birthregistration(%)+2005–2012*_total,100
Kazakhstan,Justificationofwifebeating(%)2005–2012*_male,17
Kazakhstan,Justificationofwifebeating(%)2005–2012*_female,12
Kazakhstan,Violentdiscipline(%)+2005–2012*_total,49
Kazakhstan,Violentdiscipline(%)+2005–2012*_male,54
Kazakhstan,Violentdiscipline(%)+2005–2012*_female,45
Kenya,Childlabour(%)+2005–2012*_total,26
Kenya,Childlabour(%)+2005–2012*_male,27
Kenya,Childlabour(%)+2005–2012*_female,25
Kenya,Childmarriage(%)2005–2012*_marriedby15,6
Kenya,Childmarriage(%)2005–2012*_marriedby18,26
Kenya,Birthregistration(%)+2005–2012*_total,60
Kenya,Femalegenitalmutilation/cutting(%)+2002–2012*_prevalence_womena,27
Kenya,Femalegenitalmutilation/cutting(%)+2002–2012*_prevalence_girlsb,8
Kenya,Femalegenitalmutilation/cutting(%)+2002–2012*_attitudes_supportforthepracticec,10
Kenya,Justificationofwifebeating(%)2005–2012*_male,44
Kenya,Justificationofwifebeating(%)2005–2012*_female,53
Kiribati,Childmarriage(%)2005–2012*_marriedby15,3
Kiribati,Childmarriage(%)2005–2012*_marriedby18,20
Kiribati,Birthregistration(%)+2005–2012*_total,94
Kiribati,Justificationofwifebeating(%)2005–2012*_male,60
Kiribati,Justificationofwifebeating(%)2005–2012*_female,76
Kiribati,Violentdiscipline(%)+2005–2012*_total,81
Kyrgyzstan,Childlabour(%)+2005–2012*_total,4
Kyrgyzstan,Childlabour(%)+2005–2012*_male,4
Kyrgyzstan,Childlabour(%)+2005–2012*_female,3
Kyrgyzstan,Childmarriage(%)2005–2012*_marriedby15,1
Kyrgyzstan,Childmarriage(%)2005–2012*_marriedby18,10
Kyrgyzstan,Birthregistration(%)+2005–2012*_total,96
Kyrgyzstan,Justificationofwifebeating(%)2005–2012*_female,38
Kyrgyzstan,Violentdiscipline(%)+2005–2012*_total,54
Kyrgyzstan,Violentdiscipline(%)+2005–2012*_male,58
Kyrgyzstan,Violentdiscipline(%)+2005–2012*_female,49
LaoPeople’sDemocraticRepublic,Childlabour(%)+2005–2012*_total,10
LaoPeople’sDemocraticRepublic,Childlabour(%)+2005–2012*_male,9
LaoPeople’sDemocraticRepublic,Childlabour(%)+2005–2012*_female,11
LaoPeople’sDemocraticRepublic,Childmarriage(%)2005–2012*_marriedby15,9
LaoPeople’sDemocraticRepublic,Childmarriage(%)2005–2012*_marriedby18,35
LaoPeople’sDemocraticRepublic,Birthregistration(%)+2005–2012*_total,75
LaoPeople’sDemocraticRepublic,Justificationofwifebeating(%)2005–2012*_male,49
LaoPeople’sDemocraticRepublic,Justificationofwifebeating(%)2005–2012*_female,58
LaoPeople’sDemocraticRepublic,Violentdiscipline(%)+2005–2012*_total,76
LaoPeople’sDemocraticRepublic,Violentdiscipline(%)+2005–2012*_male,77
LaoPeople’sDemocraticRepublic,Violentdiscipline(%)+2005–2012*_female,74
Latvia,Birthregistration(%)+2005–2012*_total,100
Lebanon,Childlabour(%)+2005–2012*_total,2
Lebanon,Childlabour(%)+2005–2012*_male,3
Lebanon,Childlabour(%)+2005–2012*_female,1
Lebanon,Childmarriage(%)2005–2012*_marriedby15,1
Lebanon,Childmarriage(%)2005–2012*_marriedby18,6
Lebanon,Birthregistration(%)+2005–2012*_total,100
Lebanon,Justificationofwifebeating(%)2005–2012*_female,10
Lebanon,Violentdiscipline(%)+2005–2012*_total,82
Lebanon,Violentdiscipline(%)+2005–2012*_male,82
Lebanon,Violentdiscipline(%)+2005–2012*_female,82
Lesotho,Childlabour(%)+2005–2012*_total,23
Lesotho,Childlabour(%)+2005–2012*_male,25
Lesotho,Childlabour(%)+2005–2012*_female,21
Lesotho,Childmarriage(%)2005–2012*_marriedby15,2
Lesotho,Childmarriage(%)2005–2012*_marriedby18,19
Lesotho,Birthregistration(%)+2005–2012*_total,45
Lesotho,Justificationofwifebeating(%)2005–2012*_male,48
Lesotho,Justificationofwifebeating(%)2005–2012*_female,37
Liberia,Childlabour(%)+2005–2012*_total,21
Liberia,Childlabour(%)+2005–2012*_male,21
Liberia,Childlabour(%)+2005–2012*_female,21
Liberia,Childmarriage(%)2005–2012*_marriedby15,11
Liberia,Childmarriage(%)2005–2012*_marriedby18,38
Liberia,Birthregistration(%)+2005–2012*_total,4
Liberia,Femalegenitalmutilation/cutting(%)+2002–2012*_prevalence_womena,66
Liberia,Femalegenitalmutilation/cutting(%)+2002–2012*_attitudes_supportforthepracticec,45
Liberia,Justificationofwifebeating(%)2005–2012*_male,30
Liberia,Justificationofwifebeating(%)2005–2012*_female,59
Liberia,Violentdiscipline(%)+2005–2012*_total,94
Liberia,Violentdiscipline(%)+2005–2012*_male,94
Liberia,Violentdiscipline(%)+2005–2012*_female,94
Liechtenstein,Birthregistration(%)+2005–2012*_total,100
Lithuania,Birthregistration(%)+2005–2012*_total,100
Luxembourg,Birthregistration(%)+2005–2012*_total,100
Madagascar,Childlabour(%)+2005–2012*_total,28
Madagascar,Childlabour(%)+2005–2012*_male,29
Madagascar,Childlabour(%)+2005–2012*_female,27
Madagascar,Childmarriage(%)2005–2012*_marriedby15,14
Madagascar,Childmarriage(%)2005–2012*_marriedby18,48
Madagascar,Birthregistration(%)+2005–2012*_total,80
Madagascar,Justificationofwifebeating(%)2005–2012*_male,30
Madagascar,Justificationofwifebeating(%)2005–2012*_female,32
Malawi,Childlabour(%)+2005–2012*_total,26
Malawi,Childlabour(%)+2005–2012*_male,25
Malawi,Childlabour(%)+2005–2012*_female,26
Malawi,Childmarriage(%)2005–2012*_marriedby15,12
Malawi,Childmarriage(%)2005–2012*_marriedby18,50
Malawi,Justificationofwifebeating(%)2005–2012*_male,13
Malawi,Justificationofwifebeating(%)2005–2012*_female,13
Maldives,Childmarriage(%)2005–2012*_marriedby18,4
Maldives,Birthregistration(%)+2005–2012*_total,93
Maldives,Justificationofwifebeating(%)2005–2012*_male,14
Maldives,Justificationofwifebeating(%)2005–2012*_female,31
Mali,Childlabour(%)+2005–2012*_total,21
Mali,Childlabour(%)+2005–2012*_male,22
Mali,Childlabour(%)+2005–2012*_female,21
Mali,Childmarriage(%)2005–2012*_marriedby15,15
Mali,Childmarriage(%)2005–2012*_marriedby18,55
Mali,Birthregistration(%)+2005–2012*_total,81
Mali,Femalegenitalmutilation/cutting(%)+2002–2012*_prevalence_womena,89
Mali,Femalegenitalmutilation/cutting(%)+2002–2012*_prevalence_girlsb,74
Mali,Femalegenitalmutilation/cutting(%)+2002–2012*_attitudes_supportforthepracticec,73
Mali,Justificationofwifebeating(%)2005–2012*_female,87
Malta,Birthregistration(%)+2005–2012*_total,100
MarshallIslands,Childmarriage(%)2005–2012*_marriedby15,6
MarshallIslands,Childmarriage(%)2005–2012*_marriedby18,26
MarshallIslands,Birthregistration(%)+2005–2012*_total,96
MarshallIslands,Justificationofwifebeating(%)2005–2012*_male,58
MarshallIslands,Justificationofwifebeating(%)2005–2012*_female,56
Mauritania,Childlabour(%)+2005–2012*_total,15
Mauritania,Childlabour(%)+2005–2012*_male,14
Mauritania,Childlabour(%)+2005–2012*_female,15
Mauritania,Childmarriage(%)2005–2012*_marriedby15,14
Mauritania,Childmarriage(%)2005–2012*_marriedby18,34
Mauritania,Birthregistration(%)+2005–2012*_total,59
Mauritania,Femalegenitalmutilation/cutting(%)+2002–2012*_prevalence_womena,69
Mauritania,Femalegenitalmutilation/cutting(%)+2002–2012*_prevalence_girlsb,54
Mauritania,Femalegenitalmutilation/cutting(%)+2002–2012*_attitudes_supportforthepracticec,41
Mauritania,Justificationofwifebeating(%)2005–2012*_female,38
Mauritania,Violentdiscipline(%)+2005–2012*_total,87
Mauritania,Violentdiscipline(%)+2005–2012*_male,87
Mauritania,Violentdiscipline(%)+2005–2012*_female,87
Mexico,Childlabour(%)+2005–2012*_total,6
Mexico,Childlabour(%)+2005–2012*_male,7
Mexico,Childlabour(%)+2005–2012*_female,5
Mexico,Childmarriage(%)2005–2012*_marriedby15,5
Mexico,Childmarriage(%)2005–2012*_marriedby18,23
Mexico,Birthregistration(%)+2005–2012*_total,93
Monaco,Birthregistration(%)+2005–2012*_total,100
Mongolia,Childlabour(%)+2005–2012*_total,10
Mongolia,Childlabour(%)+2005–2012*_male,10
Mongolia,Childlabour(%)+2005–2012*_female,11
Mongolia,Childmarriage(%)2005–2012*_marriedby18,5
Mongolia,Birthregistration(%)+2005–2012*_total,99
Mongolia,Justificationofwifebeating(%)2005–2012*_male,9
Mongolia,Justificationofwifebeating(%)2005–2012*_female,10
Mongolia,Violentdiscipline(%)+2005–2012*_total,46
Mongolia,Violentdiscipline(%)+2005–2012*_male,48
Mongolia,Violentdiscipline(%)+2005–2012*_female,43
Montenegro,Childlabour(%)+2005–2012*_total,10
Montenegro,Childlabour(%)+2005–2012*_male,12
Montenegro,Childlabour(%)+2005–2012*_female,8
Montenegro,Childmarriage(%)2005–2012*_marriedby18,5
Montenegro,Birthregistration(%)+2005–2012*_total,99
Montenegro,Justificationofwifebeating(%)2005–2012*_female,11
Montenegro,Violentdiscipline(%)+2005–2012*_total,63
Montenegro,Violentdiscipline(%)+2005–2012*_male,64
Montenegro,Violentdiscipline(%)+2005–2012*_female,61
Morocco,Childlabour(%)+2005–2012*_total,8
Morocco,Childlabour(%)+2005–2012*_male,9
Morocco,Childlabour(%)+2005–2012*_female,8
Morocco,Childmarriage(%)2005–2012*_marriedby15,3
Morocco,Childmarriage(%)2005–2012*_marriedby18,16
Morocco,Birthregistration(%)+2005–2012*_total,94
Morocco,Justificationofwifebeating(%)2005–2012*_female,64
Morocco,Violentdiscipline(%)+2005–2012*_total,91
Morocco,Violentdiscipline(%)+2005–2012*_male,92
Morocco,Violentdiscipline(%)+2005–2012*_female,90
Mozambique,Childlabour(%)+2005–2012*_total,22
Mozambique,Childlabour(%)+2005–2012*_male,21
Mozambique,Childlabour(%)+2005–2012*_female,24
Mozambique,Childmarriage(%)2005–2012*_marriedby15,14
Mozambique,Childmarriage(%)2005–2012*_marriedby18,48
Mozambique,Birthregistration(%)+2005–2012*_total,48
Mozambique,Justificationofwifebeating(%)2005–2012*_male,20
Mozambique,Justificationofwifebeating(%)2005–2012*_female,23
Myanmar,Birthregistration(%)+2005–2012*_total,72
Namibia,Childmarriage(%)2005–2012*_marriedby15,2
Namibia,Childmarriage(%)2005–2012*_marriedby18,9
Namibia,Birthregistration(%)+2005–2012*_total,78
Namibia,Justificationofwifebeating(%)2005–2012*_male,41
Namibia,Justificationofwifebeating(%)2005–2012*_female,35
Nauru,Childmarriage(%)2005–2012*_marriedby15,2
Nauru,Childmarriage(%)2005–2012*_marriedby18,27
Nauru,Birthregistration(%)+2005–2012*_total,83
Nepal,Childlabour(%)+2005–2012*_total,34
Nepal,Childlabour(%)+2005–2012*_male,30
Nepal,Childlabour(%)+2005–2012*_female,38
Nepal,Childmarriage(%)2005–2012*_marriedby15,10
Nepal,Childmarriage(%)2005–2012*_marriedby18,41
Nepal,Birthregistration(%)+2005–2012*_total,42
Nepal,Justificationofwifebeating(%)2005–2012*_male,22
Nepal,Justificationofwifebeating(%)2005–2012*_female,23
Netherlands,Birthregistration(%)+2005–2012*_total,100
NewZealand,Birthregistration(%)+2005–2012*_total,100
Nicaragua,Childlabour(%)+2005–2012*_total,15
Nicaragua,Childlabour(%)+2005–2012*_male,18
Nicaragua,Childlabour(%)+2005–2012*_female,11
Nicaragua,Childmarriage(%)2005–2012*_marriedby15,10
Nicaragua,Childmarriage(%)2005–2012*_marriedby18,41
Nicaragua,Birthregistration(%)+2005–2012*_total,85
Nicaragua,Justificationofwifebeating(%)2005–2012*_female,14
Niger,Childlabour(%)+2005–2012*_total,43
Niger,Childlabour(%)+2005–2012*_male,43
Niger,Childlabour(%)+2005–2012*_female,43
Niger,Childmarriage(%)2005–2012*_marriedby15,36
Niger,Childmarriage(%)2005–2012*_marriedby18,75
Niger,Birthregistration(%)+2005–2012*_total,32
Niger,Femalegenitalmutilation/cutting(%)+2002–2012*_prevalence_womena,2
Niger,Femalegenitalmutilation/cutting(%)+2002–2012*_prevalence_girlsb,1
Niger,Femalegenitalmutilation/cutting(%)+2002–2012*_attitudes_supportforthepracticec,3
Niger,Justificationofwifebeating(%)2005–2012*_female,70
Nigeria,Childlabour(%)+2005–2012*_total,25
Nigeria,Childlabour(%)+2005–2012*_male,24
Nigeria,Childlabour(%)+2005–2012*_female,25
Nigeria,Childmarriage(%)2005–2012*_marriedby15,20
Nigeria,Childmarriage(%)2005–2012*_marriedby18,39
Nigeria,Birthregistration(%)+2005–2012*_total,42
Nigeria,Femalegenitalmutilation/cutting(%)+2002–2012*_prevalence_womena,27
Nigeria,Femalegenitalmutilation/cutting(%)+2002–2012*_prevalence_girlsb,14
Nigeria,Femalegenitalmutilation/cutting(%)+2002–2012*_attitudes_supportforthepracticec,21
Nigeria,Justificationofwifebeating(%)2005–2012*_female,46
Nigeria,Violentdiscipline(%)+2005–2012*_total,91
Nigeria,Violentdiscipline(%)+2005–2012*_male,91
Nigeria,Violentdiscipline(%)+2005–2012*_female,90
Norway,Birthregistration(%)+2005–2012*_total,100
Pakistan,Childmarriage(%)2005–2012*_marriedby15,7
Pakistan,Childmarriage(%)2005–2012*_marriedby18,24
Pakistan,Birthregistration(%)+2005–2012*_total,27
Panama,Childlabour(%)+2005–2012*_total,6
Panama,Childlabour(%)+2005–2012*_male,8
Panama,Childlabour(%)+2005–2012*_female,3
PapuaNewGuinea,Childmarriage(%)2005–2012*_marriedby15,2
PapuaNewGuinea,Childmarriage(%)2005–2012*_marriedby18,21
Paraguay,Childlabour(%)+2005–2012*_total,15
Paraguay,Childlabour(%)+2005–2012*_male,17
Paraguay,Childlabour(%)+2005–2012*_female,12
Paraguay,Childmarriage(%)2005–2012*_marriedby18,18
Paraguay,Birthregistration(%)+2005–2012*_total,76
Peru,Childlabour(%)+2005–2012*_total,34
Peru,Childlabour(%)+2005–2012*_male,31
Peru,Childlabour(%)+2005–2012*_female,36
Peru,Childmarriage(%)2005–2012*_marriedby15,3
Peru,Childmarriage(%)2005–2012*_marriedby18,19
Peru,Birthregistration(%)+2005–2012*_total,96
Philippines,Childmarriage(%)2005–2012*_marriedby15,2
Philippines,Childmarriage(%)2005–2012*_marriedby18,14
Philippines,Birthregistration(%)+2005–2012*_total,90
Philippines,Justificationofwifebeating(%)2005–2012*_female,14
Poland,Birthregistration(%)+2005–2012*_total,100
Portugal,Childlabour(%)+2005–2012*_total,3
Portugal,Childlabour(%)+2005–2012*_male,4
Portugal,Childlabour(%)+2005–2012*_female,3
Portugal,Birthregistration(%)+2005–2012*_total,100
RepublicofMoldova,Childlabour(%)+2005–2012*_total,16
RepublicofMoldova,Childlabour(%)+2005–2012*_male,20
RepublicofMoldova,Childlabour(%)+2005–2012*_female,12
RepublicofMoldova,Childmarriage(%)2005–2012*_marriedby15,1
RepublicofMoldova,Childmarriage(%)2005–2012*_marriedby18,19
RepublicofMoldova,Birthregistration(%)+2005–2012*_total,100
RepublicofMoldova,Justificationofwifebeating(%)2005–2012*_male,22
RepublicofMoldova,Justificationofwifebeating(%)2005–2012*_female,21
Romania,Childlabour(%)+2005–2012*_total,1
Romania,Childlabour(%)+2005–2012*_male,1
Romania,Childlabour(%)+2005–2012*_female,1
RussianFederation,Birthregistration(%)+2005–2012*_total,100
Rwanda,Childlabour(%)+2005–2012*_total,29
Rwanda,Childlabour(%)+2005–2012*_male,27
Rwanda,Childlabour(%)+2005–2012*_female,30
Rwanda,Childmarriage(%)2005–2012*_marriedby15,1
Rwanda,Childmarriage(%)2005–2012*_marriedby18,8
Rwanda,Birthregistration(%)+2005–2012*_total,63
Rwanda,Justificationofwifebeating(%)2005–2012*_male,25
Rwanda,Justificationofwifebeating(%)2005–2012*_female,56
Samoa,Birthregistration(%)+2005–2012*_total,48
Samoa,Justificationofwifebeating(%)2005–2012*_male,46
Samoa,Justificationofwifebeating(%)2005–2012*_female,61
SanMarino,Birthregistration(%)+2005–2012*_total,100
SaoTomeandPrincipe,Childlabour(%)+2005–2012*_total,8
SaoTomeandPrincipe,Childlabour(%)+2005–2012*_male,8
SaoTomeandPrincipe,Childlabour(%)+2005–2012*_female,7
SaoTomeandPrincipe,Childmarriage(%)2005–2012*_marriedby15,5
SaoTomeandPrincipe,Childmarriage(%)2005–2012*_marriedby18,34
SaoTomeandPrincipe,Birthregistration(%)+2005–2012*_total,75
SaoTomeandPrincipe,Justificationofwifebeating(%)2005–2012*_male,22
SaoTomeandPrincipe,Justificationofwifebeating(%)2005–2012*_female,20
Senegal,Childlabour(%)+2005–2012*_total,17
Senegal,Childlabour(%)+2005–2012*_male,18
Senegal,Childlabour(%)+2005–2012*_female,16
Senegal,Childmarriage(%)2005–2012*_marriedby15,12
Senegal,Childmarriage(%)2005–2012*_marriedby18,33
Senegal,Birthregistration(%)+2005–2012*_total,75
Senegal,Femalegenitalmutilation/cutting(%)+2002–2012*_prevalence_womena,26
Senegal,Femalegenitalmutilation/cutting(%)+2002–2012*_prevalence_girlsb,18
Senegal,Femalegenitalmutilation/cutting(%)+2002–2012*_attitudes_supportforthepracticec,17
Senegal,Justificationofwifebeating(%)2005–2012*_male,25
Senegal,Justificationofwifebeating(%)2005–2012*_female,60
Serbia,Childlabour(%)+2005–2012*_total,4
Serbia,Childlabour(%)+2005–2012*_male,5
Serbia,Childlabour(%)+2005–2012*_female,4
Serbia,Childmarriage(%)2005–2012*_marriedby15,1
Serbia,Childmarriage(%)2005–2012*_marriedby18,5
Serbia,Birthregistration(%)+2005–2012*_total,99
Serbia,Justificationofwifebeating(%)2005–2012*_male,7
Serbia,Justificationofwifebeating(%)2005–2012*_female,3
Serbia,Violentdiscipline(%)+2005–2012*_total,67
Serbia,Violentdiscipline(%)+2005–2012*_male,70
Serbia,Violentdiscipline(%)+2005–2012*_female,64
SierraLeone,Childlabour(%)+2005–2012*_total,26
SierraLeone,Childlabour(%)+2005–2012*_male,27
SierraLeone,Childlabour(%)+2005–2012*_female,25
SierraLeone,Childmarriage(%)2005–2012*_marriedby15,18
SierraLeone,Childmarriage(%)2005–2012*_marriedby18,44
SierraLeone,Birthregistration(%)+2005–2012*_total,78
SierraLeone,Femalegenitalmutilation/cutting(%)+2002–2012*_prevalence_womena,88
SierraLeone,Femalegenitalmutilation/cutting(%)+2002–2012*_prevalence_girlsb,13
SierraLeone,Femalegenitalmutilation/cutting(%)+2002–2012*_attitudes_supportforthepracticec,66
SierraLeone,Justificationofwifebeating(%)2005–2012*_female,73
SierraLeone,Violentdiscipline(%)+2005–2012*_total,82
SierraLeone,Violentdiscipline(%)+2005–2012*_male,81
SierraLeone,Violentdiscipline(%)+2005–2012*_female,82
Slovakia,Birthregistration(%)+2005–2012*_total,100
Slovenia,Birthregistration(%)+2005–2012*_total,100
SolomonIslands,Childmarriage(%)2005–2012*_marriedby15,3
SolomonIslands,Childmarriage(%)2005–2012*_marriedby18,22
SolomonIslands,Justificationofwifebeating(%)2005–2012*_male,65
SolomonIslands,Justificationofwifebeating(%)2005–2012*_female,69
SolomonIslands,Violentdiscipline(%)+2005–2012*_total,72
Somalia,Childlabour(%)+2005–2012*_total,49
Somalia,Childlabour(%)+2005–2012*_male,45
Somalia,Childlabour(%)+2005–2012*_female,54
Somalia,Childmarriage(%)2005–2012*_marriedby15,8
Somalia,Childmarriage(%)2005–2012*_marriedby18,45
Somalia,Birthregistration(%)+2005–2012*_total,3
Somalia,Femalegenitalmutilation/cutting(%)+2002–2012*_prevalence_womena,98
Somalia,Femalegenitalmutilation/cutting(%)+2002–2012*_prevalence_girlsb,46
Somalia,Femalegenitalmutilation/cutting(%)+2002–2012*_attitudes_supportforthepracticec,65
Somalia,Justificationofwifebeating(%)2005–2012*_female,76
SouthAfrica,Childmarriage(%)2005–2012*_marriedby15,1
SouthAfrica,Childmarriage(%)2005–2012*_marriedby18,6
SouthAfrica,Birthregistration(%)+2005–2012*_total,95
SouthSudan,Childmarriage(%)2005–2012*_marriedby15,9
SouthSudan,Childmarriage(%)2005–2012*_marriedby18,52
SouthSudan,Birthregistration(%)+2005–2012*_total,35
SouthSudan,Justificationofwifebeating(%)2005–2012*_female,79
Spain,Birthregistration(%)+2005–2012*_total,100
SriLanka,Childmarriage(%)2005–2012*_marriedby15,2
SriLanka,Childmarriage(%)2005–2012*_marriedby18,12
SriLanka,Birthregistration(%)+2005–2012*_total,97
SriLanka,Justificationofwifebeating(%)2005–2012*_female,53
StateofPalestine,Childlabour(%)+2005–2012*_total,6
StateofPalestine,Childlabour(%)+2005–2012*_male,7
StateofPalestine,Childlabour(%)+2005–2012*_female,4
StateofPalestine,Childmarriage(%)2005–2012*_marriedby15,2
StateofPalestine,Childmarriage(%)2005–2012*_marriedby18,21
StateofPalestine,Birthregistration(%)+2005–2012*_total,99
StateofPalestine,Violentdiscipline(%)+2005–2012*_total,93
StateofPalestine,Violentdiscipline(%)+2005–2012*_male,94
StateofPalestine,Violentdiscipline(%)+2005–2012*_female,92
Sudan,Childmarriage(%)2005–2012*_marriedby15,7
Sudan,Childmarriage(%)2005–2012*_marriedby18,33
Sudan,Birthregistration(%)+2005–2012*_total,59
Sudan,Femalegenitalmutilation/cutting(%)+2002–2012*_prevalence_womena,88
Sudan,Femalegenitalmutilation/cutting(%)+2002–2012*_prevalence_girlsb,37
Sudan,Femalegenitalmutilation/cutting(%)+2002–2012*_attitudes_supportforthepracticec,42
Sudan,Justificationofwifebeating(%)2005–2012*_female,47
Suriname,Childlabour(%)+2005–2012*_total,4
Suriname,Childlabour(%)+2005–2012*_male,4
Suriname,Childlabour(%)+2005–2012*_female,4
Suriname,Childmarriage(%)2005–2012*_marriedby15,5
Suriname,Childmarriage(%)2005–2012*_marriedby18,19
Suriname,Birthregistration(%)+2005–2012*_total,99
Suriname,Justificationofwifebeating(%)2005–2012*_female,13
Suriname,Violentdiscipline(%)+2005–2012*_total,86
Suriname,Violentdiscipline(%)+2005–2012*_male,87
Suriname,Violentdiscipline(%)+2005–2012*_female,85
Swaziland,Childlabour(%)+2005–2012*_total,7
Swaziland,Childlabour(%)+2005–2012*_male,8
Swaziland,Childlabour(%)+2005–2012*_female,7
Swaziland,Childmarriage(%)2005–2012*_marriedby15,1
Swaziland,Childmarriage(%)2005–2012*_marriedby18,7
Swaziland,Birthregistration(%)+2005–2012*_total,50
Swaziland,Justificationofwifebeating(%)2005–2012*_male,23
Swaziland,Justificationofwifebeating(%)2005–2012*_female,28
Swaziland,Violentdiscipline(%)+2005–2012*_total,89
Swaziland,Violentdiscipline(%)+2005–2012*_male,90
Swaziland,Violentdiscipline(%)+2005–2012*_female,88
Sweden,Birthregistration(%)+2005–2012*_total,100
Switzerland,Birthregistration(%)+2005–2012*_total,100
SyrianArabRepublic,Childlabour(%)+2005–2012*_total,4
SyrianArabRepublic,Childlabour(%)+2005–2012*_male,5
SyrianArabRepublic,Childlabour(%)+2005–2012*_female,3
SyrianArabRepublic,Childmarriage(%)2005–2012*_marriedby15,3
SyrianArabRepublic,Childmarriage(%)2005–2012*_marriedby18,13
SyrianArabRepublic,Birthregistration(%)+2005–2012*_total,96
SyrianArabRepublic,Violentdiscipline(%)+2005–2012*_total,89
SyrianArabRepublic,Violentdiscipline(%)+2005–2012*_male,90
SyrianArabRepublic,Violentdiscipline(%)+2005–2012*_female,88
Tajikistan,Childlabour(%)+2005–2012*_total,10
Tajikistan,Childlabour(%)+2005–2012*_male,9
Tajikistan,Childlabour(%)+2005–2012*_female,11
Tajikistan,Childmarriage(%)2005–2012*_marriedby15,1
Tajikistan,Childmarriage(%)2005–2012*_marriedby18,13
Tajikistan,Birthregistration(%)+2005–2012*_total,88
Tajikistan,Justificationofwifebeating(%)2005–2012*_female,74
Tajikistan,Violentdiscipline(%)+2005–2012*_total,78
Tajikistan,Violentdiscipline(%)+2005–2012*_male,80
Tajikistan,Violentdiscipline(%)+2005–2012*_female,75
Thailand,Childlabour(%)+2005–2012*_total,8
Thailand,Childlabour(%)+2005–2012*_male,8
Thailand,Childlabour(%)+2005–2012*_female,8
Thailand,Childmarriage(%)2005–2012*_marriedby15,3
Thailand,Childmarriage(%)2005–2012*_marriedby18,20
Thailand,Birthregistration(%)+2005–2012*_total,100
TheformerYugoslavRepublicofMacedonia,Childlabour(%)+2005–2012*_total,13
TheformerYugoslavRepublicofMacedonia,Childlabour(%)+2005–2012*_male,12
TheformerYugoslavRepublicofMacedonia,Childlabour(%)+2005–2012*_female,13
TheformerYugoslavRepublicofMacedonia,Childmarriage(%)2005–2012*_marriedby15,1
TheformerYugoslavRepublicofMacedonia,Childmarriage(%)2005–2012*_marriedby18,7
TheformerYugoslavRepublicofMacedonia,Birthregistration(%)+2005–2012*_total,100
TheformerYugoslavRepublicofMacedonia,Justificationofwifebeating(%)2005–2012*_female,15
TheformerYugoslavRepublicofMacedonia,Violentdiscipline(%)+2005–2012*_total,69
TheformerYugoslavRepublicofMacedonia,Violentdiscipline(%)+2005–2012*_male,71
TheformerYugoslavRepublicofMacedonia,Violentdiscipline(%)+2005–2012*_female,67
Timor-Leste,Childlabour(%)+2005–2012*_total,4
Timor-Leste,Childlabour(%)+2005–2012*_male,4
Timor-Leste,Childlabour(%)+2005–2012*_female,4
Timor-Leste,Childmarriage(%)2005–2012*_marriedby15,3
Timor-Leste,Childmarriage(%)2005–2012*_marriedby18,19
Timor-Leste,Birthregistration(%)+2005–2012*_total,55
Timor-Leste,Justificationofwifebeating(%)2005–2012*_male,81
Timor-Leste,Justificationofwifebeating(%)2005–2012*_female,86
Togo,Childlabour(%)+2005–2012*_total,28
Togo,Childlabour(%)+2005–2012*_male,28
Togo,Childlabour(%)+2005–2012*_female,29
Togo,Childmarriage(%)2005–2012*_marriedby15,6
Togo,Childmarriage(%)2005–2012*_marriedby18,25
Togo,Birthregistration(%)+2005–2012*_total,78
Togo,Femalegenitalmutilation/cutting(%)+2002–2012*_prevalence_womena,4
Togo,Femalegenitalmutilation/cutting(%)+2002–2012*_attitudes_supportforthepracticec,2
Togo,Justificationofwifebeating(%)2005–2012*_female,43
Togo,Violentdiscipline(%)+2005–2012*_total,93
Togo,Violentdiscipline(%)+2005–2012*_male,94
Togo,Violentdiscipline(%)+2005–2012*_female,93
TrinidadandTobago,Childlabour(%)+2005–2012*_total,1
TrinidadandTobago,Childlabour(%)+2005–2012*_male,1
TrinidadandTobago,Childlabour(%)+2005–2012*_female,1
TrinidadandTobago,Childmarriage(%)2005–2012*_marriedby15,2
TrinidadandTobago,Childmarriage(%)2005–2012*_marriedby18,8
TrinidadandTobago,Birthregistration(%)+2005–2012*_total,97
TrinidadandTobago,Justificationofwifebeating(%)2005–2012*_female,8
TrinidadandTobago,Violentdiscipline(%)+2005–2012*_total,77
TrinidadandTobago,Violentdiscipline(%)+2005–2012*_male,78
TrinidadandTobago,Violentdiscipline(%)+2005–2012*_female,77
Tunisia,Childlabour(%)+2005–2012*_total,2
Tunisia,Childlabour(%)+2005–2012*_male,3
Tunisia,Childlabour(%)+2005–2012*_female,2
Tunisia,Childmarriage(%)2005–2012*_marriedby18,2
Tunisia,Birthregistration(%)+2005–2012*_total,99
Tunisia,Justificationofwifebeating(%)2005–2012*_female,30
Tunisia,Violentdiscipline(%)+2005–2012*_total,93
Tunisia,Violentdiscipline(%)+2005–2012*_male,94
Tunisia,Violentdiscipline(%)+2005–2012*_female,92
Turkey,Childlabour(%)+2005–2012*_total,3
Turkey,Childlabour(%)+2005–2012*_male,3
Turkey,Childlabour(%)+2005–2012*_female,2
Turkey,Childmarriage(%)2005–2012*_marriedby15,3
Turkey,Childmarriage(%)2005–2012*_marriedby18,14
Turkey,Birthregistration(%)+2005–2012*_total,94
Turkey,Justificationofwifebeating(%)2005–2012*_female,25
Turkmenistan,Childmarriage(%)2005–2012*_marriedby15,1
Turkmenistan,Childmarriage(%)2005–2012*_marriedby18,7
Turkmenistan,Birthregistration(%)+2005–2012*_total,96
Turkmenistan,Justificationofwifebeating(%)2005–2012*_female,38
Tuvalu,Childmarriage(%)2005–2012*_marriedby18,10
Tuvalu,Birthregistration(%)+2005–2012*_total,50
Tuvalu,Justificationofwifebeating(%)2005–2012*_male,73
Tuvalu,Justificationofwifebeating(%)2005–2012*_female,70
Uganda,Childlabour(%)+2005–2012*_total,25
Uganda,Childlabour(%)+2005–2012*_male,27
Uganda,Childlabour(%)+2005–2012*_female,24
Uganda,Childmarriage(%)2005–2012*_marriedby15,10
Uganda,Childmarriage(%)2005–2012*_marriedby18,40
Uganda,Birthregistration(%)+2005–2012*_total,30
Uganda,Femalegenitalmutilation/cutting(%)+2002–2012*_prevalence_womena,1
Uganda,Femalegenitalmutilation/cutting(%)+2002–2012*_prevalence_girlsb,1
Uganda,Femalegenitalmutilation/cutting(%)+2002–2012*_attitudes_supportforthepracticec,9
Uganda,Justificationofwifebeating(%)2005–2012*_male,44
Uganda,Justificationofwifebeating(%)2005–2012*_female,58
Ukraine,Childlabour(%)+2005–2012*_total,7
Ukraine,Childlabour(%)+2005–2012*_male,8
Ukraine,Childlabour(%)+2005–2012*_female,7
Ukraine,Childmarriage(%)2005–2012*_marriedby18,10
Ukraine,Birthregistration(%)+2005–2012*_total,100
Ukraine,Justificationofwifebeating(%)2005–2012*_male,11
Ukraine,Justificationofwifebeating(%)2005–2012*_female,4
Ukraine,Violentdiscipline(%)+2005–2012*_total,70
Ukraine,Violentdiscipline(%)+2005–2012*_male,76
Ukraine,Violentdiscipline(%)+2005–2012*_female,65
UnitedArabEmirates,Birthregistration(%)+2005–2012*_total,100
UnitedKingdom,Birthregistration(%)+2005–2012*_total,100
UnitedRepublicofTanzania,Childlabour(%)+2005–2012*_total,21
UnitedRepublicofTanzania,Childlabour(%)+2005–2012*_male,23
UnitedRepublicofTanzania,Childlabour(%)+2005–2012*_female,19
UnitedRepublicofTanzania,Childmarriage(%)2005–2012*_marriedby15,7
UnitedRepublicofTanzania,Childmarriage(%)2005–2012*_marriedby18,37
UnitedRepublicofTanzania,Birthregistration(%)+2005–2012*_total,16
UnitedRepublicofTanzania,Femalegenitalmutilation/cutting(%)+2002–2012*_prevalence_womena,15
UnitedRepublicofTanzania,Femalegenitalmutilation/cutting(%)+2002–2012*_prevalence_girlsb,3
UnitedRepublicofTanzania,Femalegenitalmutilation/cutting(%)+2002–2012*_attitudes_supportforthepracticec,6
UnitedRepublicofTanzania,Justificationofwifebeating(%)2005–2012*_male,38
UnitedRepublicofTanzania,Justificationofwifebeating(%)2005–2012*_female,54
UnitedStates,Birthregistration(%)+2005–2012*_total,100
Uruguay,Childlabour(%)+2005–2012*_total,8
Uruguay,Childlabour(%)+2005–2012*_male,8
Uruguay,Childlabour(%)+2005–2012*_female,8
Uruguay,Birthregistration(%)+2005–2012*_total,100
Uzbekistan,Childmarriage(%)2005–2012*_marriedby18,7
Uzbekistan,Birthregistration(%)+2005–2012*_total,100
Uzbekistan,Justificationofwifebeating(%)2005–2012*_male,59
Uzbekistan,Justificationofwifebeating(%)2005–2012*_female,70
Vanuatu,Childmarriage(%)2005–2012*_marriedby15,9
Vanuatu,Childmarriage(%)2005–2012*_marriedby18,27
Vanuatu,Birthregistration(%)+2005–2012*_total,43
Vanuatu,Justificationofwifebeating(%)2005–2012*_female,60
Vanuatu,Violentdiscipline(%)+2005–2012*_total,78
Venezuela(BolivarianRepublicof),Childlabour(%)+2005–2012*_total,8
Venezuela(BolivarianRepublicof),Childlabour(%)+2005–2012*_male,9
Venezuela(BolivarianRepublicof),Childlabour(%)+2005–2012*_female,6
Venezuela(BolivarianRepublicof),Birthregistration(%)+2005–2012*_total,81
VietNam,Childlabour(%)+2005–2012*_total,7
VietNam,Childlabour(%)+2005–2012*_male,7
VietNam,Childlabour(%)+2005–2012*_female,7
VietNam,Childmarriage(%)2005–2012*_marriedby15,1
VietNam,Childmarriage(%)2005–2012*_marriedby18,9
VietNam,Birthregistration(%)+2005–2012*_total,95
VietNam,Justificationofwifebeating(%)2005–2012*_female,36
VietNam,Violentdiscipline(%)+2005–2012*_total,74
VietNam,Violentdiscipline(%)+2005–2012*_male,76
VietNam,Violentdiscipline(%)+2005–2012*_female,71
Yemen,Childlabour(%)+2005–2012*_total,23
Yemen,Childlabour(%)+2005–2012*_male,21
Yemen,Childlabour(%)+2005–2012*_female,24
Yemen,Childmarriage(%)2005–2012*_marriedby15,12
Yemen,Childmarriage(%)2005–2012*_marriedby18,32
Yemen,Birthregistration(%)+2005–2012*_total,17
Yemen,Femalegenitalmutilation/cutting(%)+2002–2012*_prevalence_womena,17
Yemen,Femalegenitalmutilation/cutting(%)+2002–2012*_prevalence_girlsb,15
Yemen,Femalegenitalmutilation/cutting(%)+2002–2012*_attitudes_supportforthepracticec,41
Yemen,Violentdiscipline(%)+2005–2012*_total,95
Yemen,Violentdiscipline(%)+2005–2012*_male,95
Yemen,Violentdiscipline(%)+2005–2012*_female,95
Zambia,Childlabour(%)+2005–2012*_total,41
Zambia,Childlabour(%)+2005–2012*_male,42
Zambia,Childlabour(%)+2005–2012*_female,40
Zambia,Childmarriage(%)2005–2012*_marriedby15,9
Zambia,Childmarriage(%)2005–2012*_marriedby18,42
Zambia,Birthregistration(%)+2005–2012*_total,14
Zambia,Justificationofwifebeating(%)2005–2012*_male,49
Zambia,Justificationofwifebeating(%)2005–2012*_female,62
Zimbabwe,Childmarriage(%)2005–2012*_marriedby15,4
Zimbabwe,Childmarriage(%)2005–2012*_marriedby18,31
Zimbabwe,Birthregistration(%)+2005–2012*_total,49
Zimbabwe,Justificationofwifebeating(%)2005–2012*_male,34
Zimbabwe,Justificationofwifebeating(%)2005–2012*_female,40
